{"cameraMode":{"drawMode":0,"name":"Shaded","section":"Shading Mode"},"sceneLighting":true,"audioPlay":false,"sceneViewState":{"m_AlwaysRefresh":false,"showFog":true,"showSkybox":true,"showFlares":true,"showImageEffects":true,"showParticleSystems":true,"showVisualEffectGraphs":true,"m_FxEnabled":true},"in2DMode":false,"pivot":{"x":-1.2242249250411988,"y":6.8347272872924809,"z":0.49276018142700198},"rotation":{"x":0.40056103467941286,"y":0.5828245878219605,"z":-0.40077561140060427,"w":0.5824782848358154},"size":3.1677052974700929,"orthographic":false}